risk,group,impact,likelihood,category,long_label,description
Asset bubbles,Business,3.450150967,5.166162968,Economic,Asset bubbles in a major economy,"Unsustainably overpriced assets such as commodities, housing, shares, etc. in a major economy or region"
Asset bubbles,Expert,3.49425292,5.164751053,Economic,Asset bubbles in a major economy,"Unsustainably overpriced assets such as commodities, housing, shares, etc. in a major economy or region"
Asset bubbles,Female,3.392344475,4.990566254,Economic,Asset bubbles in a major economy,"Unsustainably overpriced assets such as commodities, housing, shares, etc. in a major economy or region"
Asset bubbles,Male,3.472081184,5.137404442,Economic,Asset bubbles in a major economy,"Unsustainably overpriced assets such as commodities, housing, shares, etc. in a major economy or region"
Asset bubbles,Non-Business,3.429718971,4.964143276,Economic,Asset bubbles in a major economy,"Unsustainably overpriced assets such as commodities, housing, shares, etc. in a major economy or region"
Asset bubbles,Non-Expert,3.404069662,5.020231247,Economic,Asset bubbles in a major economy,"Unsustainably overpriced assets such as commodities, housing, shares, etc. in a major economy or region"
Asset bubbles,Overall,3.429618835,5.070073128,Economic,Asset bubbles in a major economy,"Unsustainably overpriced assets such as commodities, housing, shares, etc. in a major economy or region"
Asset bubbles,Senior,3.408247471,5.0636549,Economic,Asset bubbles in a major economy,"Unsustainably overpriced assets such as commodities, housing, shares, etc. in a major economy or region"
Asset bubbles,Young,3.593220234,5.177966118,Economic,Asset bubbles in a major economy,"Unsustainably overpriced assets such as commodities, housing, shares, etc. in a major economy or region"
Biodiversity loss and ecosystem collapse,Business,3.429429531,4.662686348,Environmental,Major biodiversity loss and ecosystem collapse (terrestrial or marine),"Irreversible consequences for the environment, resulting in severely depleted resources for humankind as well as industries"
Biodiversity loss and ecosystem collapse,Expert,4.285714149,5.75,Environmental,Major biodiversity loss and ecosystem collapse (terrestrial or marine),"Irreversible consequences for the environment, resulting in severely depleted resources for humankind as well as industries"
Biodiversity loss and ecosystem collapse,Female,3.7590909,5.130630493,Environmental,Major biodiversity loss and ecosystem collapse (terrestrial or marine),"Irreversible consequences for the environment, resulting in severely depleted resources for humankind as well as industries"
Biodiversity loss and ecosystem collapse,Male,3.437659025,4.74747467,Environmental,Major biodiversity loss and ecosystem collapse (terrestrial or marine),"Irreversible consequences for the environment, resulting in severely depleted resources for humankind as well as industries"
Biodiversity loss and ecosystem collapse,Non-Business,3.6968503,5.1361866,Environmental,Major biodiversity loss and ecosystem collapse (terrestrial or marine),"Irreversible consequences for the environment, resulting in severely depleted resources for humankind as well as industries"
Biodiversity loss and ecosystem collapse,Non-Expert,3.481216431,4.799645424,Environmental,Major biodiversity loss and ecosystem collapse (terrestrial or marine),"Irreversible consequences for the environment, resulting in severely depleted resources for humankind as well as industries"
Biodiversity loss and ecosystem collapse,Overall,3.526315689,4.82909584,Environmental,Major biodiversity loss and ecosystem collapse (terrestrial or marine),"Irreversible consequences for the environment, resulting in severely depleted resources for humankind as well as industries"
Biodiversity loss and ecosystem collapse,Senior,3.4323771,4.731707096,Environmental,Major biodiversity loss and ecosystem collapse (terrestrial or marine),"Irreversible consequences for the environment, resulting in severely depleted resources for humankind as well as industries"
Biodiversity loss and ecosystem collapse,Young,4.024000168,5.484127045,Environmental,Major biodiversity loss and ecosystem collapse (terrestrial or marine),"Irreversible consequences for the environment, resulting in severely depleted resources for humankind as well as industries"
Critical information infrastructure breakdown,Business,3.377245426,4.267062187,Technological,Breakdown of critical information infrastructure and networks,"Cyber dependency that increases vulnerability to outage of critical information infrastructure (e.g. internet, satellites, etc.) and networks, causing widespread disruption"
Critical information infrastructure breakdown,Expert,3.513043404,4.439655304,Technological,Breakdown of critical information infrastructure and networks,"Cyber dependency that increases vulnerability to outage of critical information infrastructure (e.g. internet, satellites, etc.) and networks, causing widespread disruption"
Critical information infrastructure breakdown,Female,3.400900841,4.426009178,Technological,Breakdown of critical information infrastructure and networks,"Cyber dependency that increases vulnerability to outage of critical information infrastructure (e.g. internet, satellites, etc.) and networks, causing widespread disruption"
Critical information infrastructure breakdown,Male,3.400503874,4.306733131,Technological,Breakdown of critical information infrastructure and networks,"Cyber dependency that increases vulnerability to outage of critical information infrastructure (e.g. internet, satellites, etc.) and networks, causing widespread disruption"
Critical information infrastructure breakdown,Non-Business,3.397683382,4.4099617,Technological,Breakdown of critical information infrastructure and networks,"Cyber dependency that increases vulnerability to outage of critical information infrastructure (e.g. internet, satellites, etc.) and networks, causing widespread disruption"
Critical information infrastructure breakdown,Non-Expert,3.373517752,4.327450752,Technological,Breakdown of critical information infrastructure and networks,"Cyber dependency that increases vulnerability to outage of critical information infrastructure (e.g. internet, satellites, etc.) and networks, causing widespread disruption"
Critical information infrastructure breakdown,Overall,3.384397268,4.319268703,Technological,Breakdown of critical information infrastructure and networks,"Cyber dependency that increases vulnerability to outage of critical information infrastructure (e.g. internet, satellites, etc.) and networks, causing widespread disruption"
Critical information infrastructure breakdown,Senior,3.412825584,4.376493931,Technological,Breakdown of critical information infrastructure and networks,"Cyber dependency that increases vulnerability to outage of critical information infrastructure (e.g. internet, satellites, etc.) and networks, causing widespread disruption"
Critical information infrastructure breakdown,Young,3.3499999049999998,4.237704754,Technological,Breakdown of critical information infrastructure and networks,"Cyber dependency that increases vulnerability to outage of critical information infrastructure (e.g. internet, satellites, etc.) and networks, causing widespread disruption"
Failure of critical infrastructure,Business,3.264264345,4.336283207,Economic,Failure/shortfall of critical infrastructure,"Failure to adequately invest in, upgrade and/or secure infrastructure networks (e.g. energy, transportation and communications), leading to pressure or a breakdown with system-wide implications"
Failure of critical infrastructure,Expert,3.256705046,4.299242496,Economic,Failure/shortfall of critical infrastructure,"Failure to adequately invest in, upgrade and/or secure infrastructure networks (e.g. energy, transportation and communications), leading to pressure or a breakdown with system-wide implications"
Failure of critical infrastructure,Female,3.409302235,4.592760086,Economic,Failure/shortfall of critical infrastructure,"Failure to adequately invest in, upgrade and/or secure infrastructure networks (e.g. energy, transportation and communications), leading to pressure or a breakdown with system-wide implications"
Failure of critical infrastructure,Male,3.285000086,4.401985168,Economic,Failure/shortfall of critical infrastructure,"Failure to adequately invest in, upgrade and/or secure infrastructure networks (e.g. energy, transportation and communications), leading to pressure or a breakdown with system-wide implications"
Failure of critical infrastructure,Non-Business,3.40234375,4.586872578,Economic,Failure/shortfall of critical infrastructure,"Failure to adequately invest in, upgrade and/or secure infrastructure networks (e.g. energy, transportation and communications), leading to pressure or a breakdown with system-wide implications"
Failure of critical infrastructure,Non-Expert,3.384831429,4.593922615,Economic,Failure/shortfall of critical infrastructure,"Failure to adequately invest in, upgrade and/or secure infrastructure networks (e.g. energy, transportation and communications), leading to pressure or a breakdown with system-wide implications"
Failure of critical infrastructure,Overall,3.319602251,4.459383965,Economic,Failure/shortfall of critical infrastructure,"Failure to adequately invest in, upgrade and/or secure infrastructure networks (e.g. energy, transportation and communications), leading to pressure or a breakdown with system-wide implications"
Failure of critical infrastructure,Senior,3.325153351,4.471774101,Economic,Failure/shortfall of critical infrastructure,"Failure to adequately invest in, upgrade and/or secure infrastructure networks (e.g. energy, transportation and communications), leading to pressure or a breakdown with system-wide implications"
Failure of critical infrastructure,Young,3.341269732,4.4609375,Economic,Failure/shortfall of critical infrastructure,"Failure to adequately invest in, upgrade and/or secure infrastructure networks (e.g. energy, transportation and communications), leading to pressure or a breakdown with system-wide implications"
Cyberattacks,Business,3.466666698,5.642651081,Technological,Large-scale cyberattacks,"Large-scale cyberattacks or malware causing large economic damages, geopolitical tensions or widespread loss of trust in the internet"
Cyberattacks,Expert,3.470588207,5.697478771,Technological,Large-scale cyberattacks,"Large-scale cyberattacks or malware causing large economic damages, geopolitical tensions or widespread loss of trust in the internet"
Cyberattacks,Female,3.613043547,5.462882042,Technological,Large-scale cyberattacks,"Large-scale cyberattacks or malware causing large economic damages, geopolitical tensions or widespread loss of trust in the internet"
Cyberattacks,Male,3.504901886,5.592233181,Technological,Large-scale cyberattacks,"Large-scale cyberattacks or malware causing large economic damages, geopolitical tensions or widespread loss of trust in the internet"
Cyberattacks,Non-Business,3.605263233,5.434456825,Technological,Large-scale cyberattacks,"Large-scale cyberattacks or malware causing large economic damages, geopolitical tensions or widespread loss of trust in the internet"
Cyberattacks,Non-Expert,3.560460567,5.509541988,Technological,Large-scale cyberattacks,"Large-scale cyberattacks or malware causing large economic damages, geopolitical tensions or widespread loss of trust in the internet"
Cyberattacks,Overall,3.539835215,5.513661385,Technological,Large-scale cyberattacks,"Large-scale cyberattacks or malware causing large economic damages, geopolitical tensions or widespread loss of trust in the internet"
Cyberattacks,Senior,3.529411793,5.571150303,Technological,Large-scale cyberattacks,"Large-scale cyberattacks or malware causing large economic damages, geopolitical tensions or widespread loss of trust in the internet"
Cyberattacks,Young,3.6015625,5.4453125,Technological,Large-scale cyberattacks,"Large-scale cyberattacks or malware causing large economic damages, geopolitical tensions or widespread loss of trust in the internet"
Data fraud or theft,Business,3.204678297,5.690962315,Technological,Massive incident of data fraud/theft,Wrongful exploitation of private or official data that takes place on an unprecedented scale
Data fraud or theft,Expert,3.222222328,5.854701042,Technological,Massive incident of data fraud/theft,Wrongful exploitation of private or official data that takes place on an unprecedented scale
Data fraud or theft,Female,3.393805265,5.41228056,Technological,Massive incident of data fraud/theft,Wrongful exploitation of private or official data that takes place on an unprecedented scale
Data fraud or theft,Male,3.210784197,5.673965931,Technological,Massive incident of data fraud/theft,Wrongful exploitation of private or official data that takes place on an unprecedented scale
Data fraud or theft,Non-Business,3.335849047,5.468401432,Technological,Massive incident of data fraud/theft,Wrongful exploitation of private or official data that takes place on an unprecedented scale
Data fraud or theft,Non-Expert,3.28709054,5.517175674,Technological,Massive incident of data fraud/theft,Wrongful exploitation of private or official data that takes place on an unprecedented scale
Data fraud or theft,Overall,3.267683744,5.555096626,Technological,Massive incident of data fraud/theft,Wrongful exploitation of private or official data that takes place on an unprecedented scale
Data fraud or theft,Senior,3.245059252,5.592156887,Technological,Massive incident of data fraud/theft,Wrongful exploitation of private or official data that takes place on an unprecedented scale
Data fraud or theft,Young,3.3984375,5.534883499,Technological,Massive incident of data fraud/theft,Wrongful exploitation of private or official data that takes place on an unprecedented scale
Deflation,Business,3.217791319,4.620481968,Economic,Deflation in a major economy,Prolonged near-zero inflation or deflation in a major economy or region
Deflation,Expert,3.163424015,4.507692337,Economic,Deflation in a major economy,Prolonged near-zero inflation or deflation in a major economy or region
Deflation,Female,3.241706133,4.470046043,Economic,Deflation in a major economy,Prolonged near-zero inflation or deflation in a major economy or region
Deflation,Male,3.185566902,4.526717663,Economic,Deflation in a major economy,Prolonged near-zero inflation or deflation in a major economy or region
Deflation,Non-Business,3.160000086,4.364706039,Economic,Deflation in a major economy,Prolonged near-zero inflation or deflation in a major economy or region
Deflation,Non-Expert,3.23546505,4.505681992,Economic,Deflation in a major economy,Prolonged near-zero inflation or deflation in a major economy or region
Deflation,Overall,3.199127913,4.512160301,Economic,Deflation in a major economy,Prolonged near-zero inflation or deflation in a major economy or region
Deflation,Senior,3.192066908,4.479424,Economic,Deflation in a major economy,Prolonged near-zero inflation or deflation in a major economy or region
Deflation,Young,3.258333445,4.612903118,Economic,Deflation in a major economy,Prolonged near-zero inflation or deflation in a major economy or region
Energy price shock,Business,3.287009001,4.611940384,Economic,Severe energy price shock (increase or decrease),Significant energy price increases or decreases that place further economic pressures on highly energy-dependent industries and consumers
Energy price shock,Expert,3.279527664,4.53515625,Economic,Severe energy price shock (increase or decrease),Significant energy price increases or decreases that place further economic pressures on highly energy-dependent industries and consumers
Energy price shock,Female,3.533632278,4.884955883,Economic,Severe energy price shock (increase or decrease),Significant energy price increases or decreases that place further economic pressures on highly energy-dependent industries and consumers
Energy price shock,Male,3.252577305,4.520408154,Economic,Severe energy price shock (increase or decrease),Significant energy price increases or decreases that place further economic pressures on highly energy-dependent industries and consumers
Energy price shock,Non-Business,3.415019751,4.6640625,Economic,Severe energy price shock (increase or decrease),Significant energy price increases or decreases that place further economic pressures on highly energy-dependent industries and consumers
Energy price shock,Non-Expert,3.409470797,4.741758347,Economic,Severe energy price shock (increase or decrease),Significant energy price increases or decreases that place further economic pressures on highly energy-dependent industries and consumers
Energy price shock,Overall,3.329529285,4.632248878,Economic,Severe energy price shock (increase or decrease),Significant energy price increases or decreases that place further economic pressures on highly energy-dependent industries and consumers
Energy price shock,Senior,3.275720119,4.53564167,Economic,Severe energy price shock (increase or decrease),Significant energy price increases or decreases that place further economic pressures on highly energy-dependent industries and consumers
Energy price shock,Young,3.664000034,5.110236168,Economic,Severe energy price shock (increase or decrease),Significant energy price increases or decreases that place further economic pressures on highly energy-dependent industries and consumers
Failure of climate-change mitigation and adaptation,Business,3.574779987,5.198250771,Environmental,Failure of climate-change mitigation and adaptation,"The failure of governments and businesses to enforce or enact effective measures to mitigate climate change, protect populations and help businesses impacted by climate change to adapt"
Failure of climate-change mitigation and adaptation,Expert,4.155172348,5.413793087,Environmental,Failure of climate-change mitigation and adaptation,"The failure of governments and businesses to enforce or enact effective measures to mitigate climate change, protect populations and help businesses impacted by climate change to adapt"
Failure of climate-change mitigation and adaptation,Female,3.857777834,5.361233711,Environmental,Failure of climate-change mitigation and adaptation,"The failure of governments and businesses to enforce or enact effective measures to mitigate climate change, protect populations and help businesses impacted by climate change to adapt"
Failure of climate-change mitigation and adaptation,Male,3.618811846,5.147783279,Environmental,Failure of climate-change mitigation and adaptation,"The failure of governments and businesses to enforce or enact effective measures to mitigate climate change, protect populations and help businesses impacted by climate change to adapt"
Failure of climate-change mitigation and adaptation,Non-Business,3.847908735,5.218867779,Environmental,Failure of climate-change mitigation and adaptation,"The failure of governments and businesses to enforce or enact effective measures to mitigate climate change, protect populations and help businesses impacted by climate change to adapt"
Failure of climate-change mitigation and adaptation,Non-Expert,3.65968585,5.20450592,Environmental,Failure of climate-change mitigation and adaptation,"The failure of governments and businesses to enforce or enact effective measures to mitigate climate change, protect populations and help businesses impacted by climate change to adapt"
Failure of climate-change mitigation and adaptation,Overall,3.668061256,5.180055618,Environmental,Failure of climate-change mitigation and adaptation,"The failure of governments and businesses to enforce or enact effective measures to mitigate climate change, protect populations and help businesses impacted by climate change to adapt"
Failure of climate-change mitigation and adaptation,Senior,3.634920597,5.203960419,Environmental,Failure of climate-change mitigation and adaptation,"The failure of governments and businesses to enforce or enact effective measures to mitigate climate change, protect populations and help businesses impacted by climate change to adapt"
Failure of climate-change mitigation and adaptation,Young,3.983999968,5.3046875,Environmental,Failure of climate-change mitigation and adaptation,"The failure of governments and businesses to enforce or enact effective measures to mitigate climate change, protect populations and help businesses impacted by climate change to adapt"
Failure of urban planning,Business,2.8571429249999998,4.707831383,Societal,Failure of urban planning,"Poorly planned cities, urban sprawl and associated infrastructure that create social, environmental and health challenges"
Failure of urban planning,Expert,3.27131772,5.0,Societal,Failure of urban planning,"Poorly planned cities, urban sprawl and associated infrastructure that create social, environmental and health challenges"
Failure of urban planning,Female,3.141509533,4.772092819,Societal,Failure of urban planning,"Poorly planned cities, urban sprawl and associated infrastructure that create social, environmental and health challenges"
Failure of urban planning,Male,2.94458437,4.809523582,Societal,Failure of urban planning,"Poorly planned cities, urban sprawl and associated infrastructure that create social, environmental and health challenges"
Failure of urban planning,Non-Business,3.18359375,4.872093201,Societal,Failure of urban planning,"Poorly planned cities, urban sprawl and associated infrastructure that create social, environmental and health challenges"
Failure of urban planning,Non-Expert,2.948132753,4.743326664,Societal,Failure of urban planning,"Poorly planned cities, urban sprawl and associated infrastructure that create social, environmental and health challenges"
Failure of urban planning,Overall,2.992836714,4.731152058,Societal,Failure of urban planning,"Poorly planned cities, urban sprawl and associated infrastructure that create social, environmental and health challenges"
Failure of urban planning,Senior,2.950413227,4.726899147,Societal,Failure of urban planning,"Poorly planned cities, urban sprawl and associated infrastructure that create social, environmental and health challenges"
Failure of urban planning,Young,3.256000042,5.062992096,Societal,Failure of urban planning,"Poorly planned cities, urban sprawl and associated infrastructure that create social, environmental and health challenges"
Failure of financial mechanism or institution,Business,3.441441536,4.645833492,Economic,Failure of a major financial mechanism or institution,Collapse of a financial institution and/or malfunctioning of a financial system that impacts the global economy
Failure of financial mechanism or institution,Expert,3.438461542,4.651340961,Economic,Failure of a major financial mechanism or institution,Collapse of a financial institution and/or malfunctioning of a financial system that impacts the global economy
Failure of financial mechanism or institution,Female,3.532407522,4.627272606,Economic,Failure of a major financial mechanism or institution,Collapse of a financial institution and/or malfunctioning of a financial system that impacts the global economy
Failure of financial mechanism or institution,Male,3.454545498,4.728643417,Economic,Failure of a major financial mechanism or institution,Collapse of a financial institution and/or malfunctioning of a financial system that impacts the global economy
Failure of financial mechanism or institution,Non-Business,3.515748024,4.729411602,Economic,Failure of a major financial mechanism or institution,Collapse of a financial institution and/or malfunctioning of a financial system that impacts the global economy
Failure of financial mechanism or institution,Non-Expert,3.511299372,4.718662739,Economic,Failure of a major financial mechanism or institution,Collapse of a financial institution and/or malfunctioning of a financial system that impacts the global economy
Failure of financial mechanism or institution,Overall,3.4800000190000002,4.673267365,Economic,Failure of a major financial mechanism or institution,Collapse of a financial institution and/or malfunctioning of a financial system that impacts the global economy
Failure of financial mechanism or institution,Senior,3.457905531,4.678861618,Economic,Failure of a major financial mechanism or institution,Collapse of a financial institution and/or malfunctioning of a financial system that impacts the global economy
Failure of financial mechanism or institution,Young,3.575999975,4.746031761,Economic,Failure of a major financial mechanism or institution,Collapse of a financial institution and/or malfunctioning of a financial system that impacts the global economy
Fiscal crises,Business,3.508875847,4.81764698,Economic,Fiscal crises in key economies,Excessive debt burdens that generate sovereign debt crises and/or liquidity crises
Fiscal crises,Expert,3.540229797,4.858778477,Economic,Fiscal crises in key economies,Excessive debt burdens that generate sovereign debt crises and/or liquidity crises
Fiscal crises,Female,3.599078417,4.908675671,Economic,Fiscal crises in key economies,Excessive debt burdens that generate sovereign debt crises and/or liquidity crises
Fiscal crises,Male,3.532338381,4.851116657,Economic,Fiscal crises in key economies,Excessive debt burdens that generate sovereign debt crises and/or liquidity crises
Fiscal crises,Non-Business,3.623529434,4.921875,Economic,Fiscal crises in key economies,Excessive debt burdens that generate sovereign debt crises and/or liquidity crises
Fiscal crises,Non-Expert,3.565459728,4.878116131,Economic,Fiscal crises in key economies,Excessive debt burdens that generate sovereign debt crises and/or liquidity crises
Fiscal crises,Overall,3.546610117,4.869198322,Economic,Fiscal crises in key economies,Excessive debt burdens that generate sovereign debt crises and/or liquidity crises
Fiscal crises,Senior,3.532388687,4.844758034,Economic,Fiscal crises in key economies,Excessive debt burdens that generate sovereign debt crises and/or liquidity crises
Fiscal crises,Young,3.648000002,4.976190567,Economic,Fiscal crises in key economies,Excessive debt burdens that generate sovereign debt crises and/or liquidity crises
Food crises,Business,3.483775854,4.626470566,Societal,Food crises,"Inadequate, unaffordable, or unreliable access to appropriate quantities and quality of food and nutrition on a major scale"
Food crises,Expert,3.819548845,5.225564003,Societal,Food crises,"Inadequate, unaffordable, or unreliable access to appropriate quantities and quality of food and nutrition on a major scale"
Food crises,Female,3.784753323,5.080357075,Societal,Food crises,"Inadequate, unaffordable, or unreliable access to appropriate quantities and quality of food and nutrition on a major scale"
Food crises,Male,3.537897348,4.711491585,Societal,Food crises,"Inadequate, unaffordable, or unreliable access to appropriate quantities and quality of food and nutrition on a major scale"
Food crises,Non-Business,3.768656731,5.074626923,Societal,Food crises,"Inadequate, unaffordable, or unreliable access to appropriate quantities and quality of food and nutrition on a major scale"
Food crises,Non-Expert,3.57085824,4.737051964,Societal,Food crises,"Inadequate, unaffordable, or unreliable access to appropriate quantities and quality of food and nutrition on a major scale"
Food crises,Overall,3.595303774,4.783448219,Societal,Food crises,"Inadequate, unaffordable, or unreliable access to appropriate quantities and quality of food and nutrition on a major scale"
Food crises,Senior,3.537848711,4.755467415,Societal,Food crises,"Inadequate, unaffordable, or unreliable access to appropriate quantities and quality of food and nutrition on a major scale"
Food crises,Young,3.961538553,5.176923275,Societal,Food crises,"Inadequate, unaffordable, or unreliable access to appropriate quantities and quality of food and nutrition on a major scale"
Illicit trade,Business,2.970501423,5.419825077,Economic,"Illicit trade (e.g. illicit financial flows, tax evasion, human trafficking, organized crime, etc.)","Large-scale activities outside the legal framework such as illicit financial flows, tax evasion, human trafficking, counterfeiting and/or organized crime that undermine social interactions, regional or international collaboration, and global growth"
Illicit trade,Expert,3.057034254,5.405303001,Economic,"Illicit trade (e.g. illicit financial flows, tax evasion, human trafficking, organized crime, etc.)","Large-scale activities outside the legal framework such as illicit financial flows, tax evasion, human trafficking, counterfeiting and/or organized crime that undermine social interactions, regional or international collaboration, and global growth"
Illicit trade,Female,3.383928537,5.44933939,Economic,"Illicit trade (e.g. illicit financial flows, tax evasion, human trafficking, organized crime, etc.)","Large-scale activities outside the legal framework such as illicit financial flows, tax evasion, human trafficking, counterfeiting and/or organized crime that undermine social interactions, regional or international collaboration, and global growth"
Illicit trade,Male,3.007389069,5.486486435,Economic,"Illicit trade (e.g. illicit financial flows, tax evasion, human trafficking, organized crime, etc.)","Large-scale activities outside the legal framework such as illicit financial flows, tax evasion, human trafficking, counterfeiting and/or organized crime that undermine social interactions, regional or international collaboration, and global growth"
Illicit trade,Non-Business,3.354717016,5.539622784,Economic,"Illicit trade (e.g. illicit financial flows, tax evasion, human trafficking, organized crime, etc.)","Large-scale activities outside the legal framework such as illicit financial flows, tax evasion, human trafficking, counterfeiting and/or organized crime that undermine social interactions, regional or international collaboration, and global growth"
Illicit trade,Non-Expert,3.203252077,5.518817425,Economic,"Illicit trade (e.g. illicit financial flows, tax evasion, human trafficking, organized crime, etc.)","Large-scale activities outside the legal framework such as illicit financial flows, tax evasion, human trafficking, counterfeiting and/or organized crime that undermine social interactions, regional or international collaboration, and global growth"
Illicit trade,Overall,3.143254519,5.462707043,Economic,"Illicit trade (e.g. illicit financial flows, tax evasion, human trafficking, organized crime, etc.)","Large-scale activities outside the legal framework such as illicit financial flows, tax evasion, human trafficking, counterfeiting and/or organized crime that undermine social interactions, regional or international collaboration, and global growth"
Illicit trade,Senior,3.073558569,5.433663368,Economic,"Illicit trade (e.g. illicit financial flows, tax evasion, human trafficking, organized crime, etc.)","Large-scale activities outside the legal framework such as illicit financial flows, tax evasion, human trafficking, counterfeiting and/or organized crime that undermine social interactions, regional or international collaboration, and global growth"
Illicit trade,Young,3.409448862,5.627906799,Economic,"Illicit trade (e.g. illicit financial flows, tax evasion, human trafficking, organized crime, etc.)","Large-scale activities outside the legal framework such as illicit financial flows, tax evasion, human trafficking, counterfeiting and/or organized crime that undermine social interactions, regional or international collaboration, and global growth"
Spread of infectious diseases,Business,3.57058835,4.266862392,Societal,Rapid and massive spread of infectious diseases,"Bacteria, viruses, parasites or fungi that cause uncontrolled spread of infectious diseases (for instance as a result of resistance to antibiotics, antivirals and other treatments) leading to widespread fatalities and economic disruption"
Spread of infectious diseases,Expert,3.704545498,4.639097691,Societal,Rapid and massive spread of infectious diseases,"Bacteria, viruses, parasites or fungi that cause uncontrolled spread of infectious diseases (for instance as a result of resistance to antibiotics, antivirals and other treatments) leading to widespread fatalities and economic disruption"
Spread of infectious diseases,Female,3.677129984,4.546666622,Societal,Rapid and massive spread of infectious diseases,"Bacteria, viruses, parasites or fungi that cause uncontrolled spread of infectious diseases (for instance as a result of resistance to antibiotics, antivirals and other treatments) leading to widespread fatalities and economic disruption"
Spread of infectious diseases,Male,3.504926205,4.257985115,Societal,Rapid and massive spread of infectious diseases,"Bacteria, viruses, parasites or fungi that cause uncontrolled spread of infectious diseases (for instance as a result of resistance to antibiotics, antivirals and other treatments) leading to widespread fatalities and economic disruption"
Spread of infectious diseases,Non-Business,3.581748962,4.486792564,Societal,Rapid and massive spread of infectious diseases,"Bacteria, viruses, parasites or fungi that cause uncontrolled spread of infectious diseases (for instance as a result of resistance to antibiotics, antivirals and other treatments) leading to widespread fatalities and economic disruption"
Spread of infectious diseases,Non-Expert,3.529058218,4.285429001,Societal,Rapid and massive spread of infectious diseases,"Bacteria, viruses, parasites or fungi that cause uncontrolled spread of infectious diseases (for instance as a result of resistance to antibiotics, antivirals and other treatments) leading to widespread fatalities and economic disruption"
Spread of infectious diseases,Overall,3.563814878,4.32311964,Societal,Rapid and massive spread of infectious diseases,"Bacteria, viruses, parasites or fungi that cause uncontrolled spread of infectious diseases (for instance as a result of resistance to antibiotics, antivirals and other treatments) leading to widespread fatalities and economic disruption"
Spread of infectious diseases,Senior,3.518962145,4.363095284,Societal,Rapid and massive spread of infectious diseases,"Bacteria, viruses, parasites or fungi that cause uncontrolled spread of infectious diseases (for instance as a result of resistance to antibiotics, antivirals and other treatments) leading to widespread fatalities and economic disruption"
Spread of infectious diseases,Young,3.75,4.3515625,Societal,Rapid and massive spread of infectious diseases,"Bacteria, viruses, parasites or fungi that cause uncontrolled spread of infectious diseases (for instance as a result of resistance to antibiotics, antivirals and other treatments) leading to widespread fatalities and economic disruption"
Unmanageable inflation,Business,3.151057482,3.508928537,Economic,Unmanageable inflation,Unmanageable increases in the general price levels of goods and services in key economies
Unmanageable inflation,Expert,3.078125,3.463320494,Economic,Unmanageable inflation,Unmanageable increases in the general price levels of goods and services in key economies
Unmanageable inflation,Female,3.308823586,3.966183662,Economic,Unmanageable inflation,Unmanageable increases in the general price levels of goods and services in key economies
Unmanageable inflation,Male,3.088832378,3.5,Economic,Unmanageable inflation,Unmanageable increases in the general price levels of goods and services in key economies
Unmanageable inflation,Non-Business,3.153527021,3.802469254,Economic,Unmanageable inflation,Unmanageable increases in the general price levels of goods and services in key economies
Unmanageable inflation,Non-Expert,3.224489689,3.804034472,Economic,Unmanageable inflation,Unmanageable increases in the general price levels of goods and services in key economies
Unmanageable inflation,Overall,3.124087572,3.61127162,Economic,Unmanageable inflation,Unmanageable increases in the general price levels of goods and services in key economies
Unmanageable inflation,Senior,3.05660367,3.49689436,Economic,Unmanageable inflation,Unmanageable increases in the general price levels of goods and services in key economies
Unmanageable inflation,Young,3.586776972,4.303278923,Economic,Unmanageable inflation,Unmanageable increases in the general price levels of goods and services in key economies
Interstate conflict,Business,3.540935755,5.1842103,Geopolitical,Interstate conflict with regional consequences,"A bilateral or multilateral dispute between states that escalates into economic (e.g. trade/currency wars, resource nationalization), military, cyber, societal or other conflict."
Interstate conflict,Expert,3.808823586,5.382352829,Geopolitical,Interstate conflict with regional consequences,"A bilateral or multilateral dispute between states that escalates into economic (e.g. trade/currency wars, resource nationalization), military, cyber, societal or other conflict."
Interstate conflict,Female,3.702702761,5.417040348,Geopolitical,Interstate conflict with regional consequences,"A bilateral or multilateral dispute between states that escalates into economic (e.g. trade/currency wars, resource nationalization), military, cyber, societal or other conflict."
Interstate conflict,Male,3.573170662,5.148418427,Geopolitical,Interstate conflict with regional consequences,"A bilateral or multilateral dispute between states that escalates into economic (e.g. trade/currency wars, resource nationalization), military, cyber, societal or other conflict."
Interstate conflict,Non-Business,3.684410572,5.301886559,Geopolitical,Interstate conflict with regional consequences,"A bilateral or multilateral dispute between states that escalates into economic (e.g. trade/currency wars, resource nationalization), military, cyber, societal or other conflict."
Interstate conflict,Non-Expert,3.592920303,5.225749493,Geopolitical,Interstate conflict with regional consequences,"A bilateral or multilateral dispute between states that escalates into economic (e.g. trade/currency wars, resource nationalization), military, cyber, societal or other conflict."
Interstate conflict,Overall,3.587988853,5.186369896,Geopolitical,Interstate conflict with regional consequences,"A bilateral or multilateral dispute between states that escalates into economic (e.g. trade/currency wars, resource nationalization), military, cyber, societal or other conflict."
Interstate conflict,Senior,3.578217745,5.25049305,Geopolitical,Interstate conflict with regional consequences,"A bilateral or multilateral dispute between states that escalates into economic (e.g. trade/currency wars, resource nationalization), military, cyber, societal or other conflict."
Interstate conflict,Young,3.779527664,5.212598324,Geopolitical,Interstate conflict with regional consequences,"A bilateral or multilateral dispute between states that escalates into economic (e.g. trade/currency wars, resource nationalization), military, cyber, societal or other conflict."
Man-made environmental disasters,Business,3.442815304,5.299120426,Environmental,"Man-made environmental damage and disasters (e.g. oil spills, radioactive contamination, etc.)","Failure to prevent major man-made damage and disasters, including environmental crime, causing harm to human lives and health, infrastructure, property, economic activity and the environment"
Man-made environmental disasters,Expert,3.948275805,5.672413826,Environmental,"Man-made environmental damage and disasters (e.g. oil spills, radioactive contamination, etc.)","Failure to prevent major man-made damage and disasters, including environmental crime, causing harm to human lives and health, infrastructure, property, economic activity and the environment"
Man-made environmental disasters,Female,3.785714388,5.548672676,Environmental,"Man-made environmental damage and disasters (e.g. oil spills, radioactive contamination, etc.)","Failure to prevent major man-made damage and disasters, including environmental crime, causing harm to human lives and health, infrastructure, property, economic activity and the environment"
Man-made environmental disasters,Male,3.423645258,5.208845139,Environmental,"Man-made environmental damage and disasters (e.g. oil spills, radioactive contamination, etc.)","Failure to prevent major man-made damage and disasters, including environmental crime, causing harm to human lives and health, infrastructure, property, economic activity and the environment"
Man-made environmental disasters,Non-Business,3.656488657,5.328301907,Environmental,"Man-made environmental damage and disasters (e.g. oil spills, radioactive contamination, etc.)","Failure to prevent major man-made damage and disasters, including environmental crime, causing harm to human lives and health, infrastructure, property, economic activity and the environment"
Man-made environmental disasters,Non-Expert,3.510452986,5.29116106,Environmental,"Man-made environmental damage and disasters (e.g. oil spills, radioactive contamination, etc.)","Failure to prevent major man-made damage and disasters, including environmental crime, causing harm to human lives and health, infrastructure, property, economic activity and the environment"
Man-made environmental disasters,Overall,3.526315689,5.288275719,Environmental,"Man-made environmental damage and disasters (e.g. oil spills, radioactive contamination, etc.)","Failure to prevent major man-made damage and disasters, including environmental crime, causing harm to human lives and health, infrastructure, property, economic activity and the environment"
Man-made environmental disasters,Senior,3.441117764,5.222663879,Environmental,"Man-made environmental damage and disasters (e.g. oil spills, radioactive contamination, etc.)","Failure to prevent major man-made damage and disasters, including environmental crime, causing harm to human lives and health, infrastructure, property, economic activity and the environment"
Man-made environmental disasters,Young,3.984496117,5.746153831,Environmental,"Man-made environmental damage and disasters (e.g. oil spills, radioactive contamination, etc.)","Failure to prevent major man-made damage and disasters, including environmental crime, causing harm to human lives and health, infrastructure, property, economic activity and the environment"
Large-scale involuntary migration,Business,3.592261791,5.614925385,Societal,Large-scale involuntary migration,"Large-scale involuntary migration induced by conflict, disasters, environmental or economic reasons"
Large-scale involuntary migration,Expert,3.744360924,5.80451107,Societal,Large-scale involuntary migration,"Large-scale involuntary migration induced by conflict, disasters, environmental or economic reasons"
Large-scale involuntary migration,Female,3.762331724,5.723214149,Societal,Large-scale involuntary migration,"Large-scale involuntary migration induced by conflict, disasters, environmental or economic reasons"
Large-scale involuntary migration,Male,3.619164705,5.656019688,Societal,Large-scale involuntary migration,"Large-scale involuntary migration induced by conflict, disasters, environmental or economic reasons"
Large-scale involuntary migration,Non-Business,3.75555563,5.727941036,Societal,Large-scale involuntary migration,"Large-scale involuntary migration induced by conflict, disasters, environmental or economic reasons"
Large-scale involuntary migration,Non-Expert,3.649298668,5.644000053,Societal,Large-scale involuntary migration,"Large-scale involuntary migration induced by conflict, disasters, environmental or economic reasons"
Large-scale involuntary migration,Overall,3.6500000950000002,5.636615753,Societal,Large-scale involuntary migration,"Large-scale involuntary migration induced by conflict, disasters, environmental or economic reasons"
Large-scale involuntary migration,Senior,3.651394367,5.677932262,Societal,Large-scale involuntary migration,"Large-scale involuntary migration induced by conflict, disasters, environmental or economic reasons"
Large-scale involuntary migration,Young,3.7421875,5.6875,Societal,Large-scale involuntary migration,"Large-scale involuntary migration induced by conflict, disasters, environmental or economic reasons"
Failure of national governance,Business,3.430678368,5.141176701,Geopolitical,"Failure of national governance (e.g. failure of rule of law, corruption, political deadlock, etc.)","Inability to govern a nation of geopolitical importance as a result of weak rule of law, corruption or political deadlock."
Failure of national governance,Expert,3.647058725,5.470588207,Geopolitical,"Failure of national governance (e.g. failure of rule of law, corruption, political deadlock, etc.)","Inability to govern a nation of geopolitical importance as a result of weak rule of law, corruption or political deadlock."
Failure of national governance,Female,3.632287025,5.352678776,Geopolitical,"Failure of national governance (e.g. failure of rule of law, corruption, political deadlock, etc.)","Inability to govern a nation of geopolitical importance as a result of weak rule of law, corruption or political deadlock."
Failure of national governance,Male,3.46305418,5.144963264,Geopolitical,"Failure of national governance (e.g. failure of rule of law, corruption, political deadlock, etc.)","Inability to govern a nation of geopolitical importance as a result of weak rule of law, corruption or political deadlock."
Failure of national governance,Non-Business,3.639097691,5.303370953,Geopolitical,"Failure of national governance (e.g. failure of rule of law, corruption, political deadlock, etc.)","Inability to govern a nation of geopolitical importance as a result of weak rule of law, corruption or political deadlock."
Failure of national governance,Non-Expert,3.509769201,5.191150665,Geopolitical,"Failure of national governance (e.g. failure of rule of law, corruption, political deadlock, etc.)","Inability to govern a nation of geopolitical importance as a result of weak rule of law, corruption or political deadlock."
Failure of national governance,Overall,3.506276131,5.183588505,Geopolitical,"Failure of national governance (e.g. failure of rule of law, corruption, political deadlock, etc.)","Inability to govern a nation of geopolitical importance as a result of weak rule of law, corruption or political deadlock."
Failure of national governance,Senior,3.477137089,5.168316841,Geopolitical,"Failure of national governance (e.g. failure of rule of law, corruption, political deadlock, etc.)","Inability to govern a nation of geopolitical importance as a result of weak rule of law, corruption or political deadlock."
Failure of national governance,Young,3.706349134,5.420634747,Geopolitical,"Failure of national governance (e.g. failure of rule of law, corruption, political deadlock, etc.)","Inability to govern a nation of geopolitical importance as a result of weak rule of law, corruption or political deadlock."
Natural disasters,Business,3.67975831,5.618618488,Environmental,"Major natural disasters (e.g. earthquake, tsunami, volcanic eruption, geomagnetic storms)","Major property, infrastructure and/or environmental damage as well as loss of human life caused by geophysical disasters such as earthquakes, volcanic activity, landslides, tsunamis, or geomagnetic storms"
Natural disasters,Expert,4.035087585,5.666666508,Environmental,"Major natural disasters (e.g. earthquake, tsunami, volcanic eruption, geomagnetic storms)","Major property, infrastructure and/or environmental damage as well as loss of human life caused by geophysical disasters such as earthquakes, volcanic activity, landslides, tsunamis, or geomagnetic storms"
Natural disasters,Female,3.942222118,5.825892925,Environmental,"Major natural disasters (e.g. earthquake, tsunami, volcanic eruption, geomagnetic storms)","Major property, infrastructure and/or environmental damage as well as loss of human life caused by geophysical disasters such as earthquakes, volcanic activity, landslides, tsunamis, or geomagnetic storms"
Natural disasters,Male,3.685138464,5.525000095,Environmental,"Major natural disasters (e.g. earthquake, tsunami, volcanic eruption, geomagnetic storms)","Major property, infrastructure and/or environmental damage as well as loss of human life caused by geophysical disasters such as earthquakes, volcanic activity, landslides, tsunamis, or geomagnetic storms"
Natural disasters,Non-Business,3.88257575,5.666666508,Environmental,"Major natural disasters (e.g. earthquake, tsunami, volcanic eruption, geomagnetic storms)","Major property, infrastructure and/or environmental damage as well as loss of human life caused by geophysical disasters such as earthquakes, volcanic activity, landslides, tsunamis, or geomagnetic storms"
Natural disasters,Non-Expert,3.751322746,5.629173756,Environmental,"Major natural disasters (e.g. earthquake, tsunami, volcanic eruption, geomagnetic storms)","Major property, infrastructure and/or environmental damage as well as loss of human life caused by geophysical disasters such as earthquakes, volcanic activity, landslides, tsunamis, or geomagnetic storms"
Natural disasters,Overall,3.771509171,5.610955238,Environmental,"Major natural disasters (e.g. earthquake, tsunami, volcanic eruption, geomagnetic storms)","Major property, infrastructure and/or environmental damage as well as loss of human life caused by geophysical disasters such as earthquakes, volcanic activity, landslides, tsunamis, or geomagnetic storms"
Natural disasters,Senior,3.698989868,5.587525368,Environmental,"Major natural disasters (e.g. earthquake, tsunami, volcanic eruption, geomagnetic storms)","Major property, infrastructure and/or environmental damage as well as loss of human life caused by geophysical disasters such as earthquakes, volcanic activity, landslides, tsunamis, or geomagnetic storms"
Natural disasters,Young,4.086614132,5.811023712,Environmental,"Major natural disasters (e.g. earthquake, tsunami, volcanic eruption, geomagnetic storms)","Major property, infrastructure and/or environmental damage as well as loss of human life caused by geophysical disasters such as earthquakes, volcanic activity, landslides, tsunamis, or geomagnetic storms"
Failure of regional or global governance,Business,3.345132828,4.72647047,Geopolitical,Failure of regional or global governance,"Inability of regional or global institutions to resolve issues of economic, geopolitical or environmental importance"
Failure of regional or global governance,Expert,3.567164183,5.205882549,Geopolitical,Failure of regional or global governance,"Inability of regional or global institutions to resolve issues of economic, geopolitical or environmental importance"
Failure of regional or global governance,Female,3.504464388,4.920704842,Geopolitical,Failure of regional or global governance,"Inability of regional or global institutions to resolve issues of economic, geopolitical or environmental importance"
Failure of regional or global governance,Male,3.358722448,4.727941036,Geopolitical,Failure of regional or global governance,"Inability of regional or global institutions to resolve issues of economic, geopolitical or environmental importance"
Failure of regional or global governance,Non-Business,3.483145952,4.8629632,Geopolitical,Failure of regional or global governance,"Inability of regional or global institutions to resolve issues of economic, geopolitical or environmental importance"
Failure of regional or global governance,Non-Expert,3.392226219,4.748682022,Geopolitical,Failure of regional or global governance,"Inability of regional or global institutions to resolve issues of economic, geopolitical or environmental importance"
Failure of regional or global governance,Overall,3.396121979,4.767217636,Geopolitical,Failure of regional or global governance,"Inability of regional or global institutions to resolve issues of economic, geopolitical or environmental importance"
Failure of regional or global governance,Senior,3.388118744,4.744094372,Geopolitical,Failure of regional or global governance,"Inability of regional or global institutions to resolve issues of economic, geopolitical or environmental importance"
Failure of regional or global governance,Young,3.5,5.007874012,Geopolitical,Failure of regional or global governance,"Inability of regional or global institutions to resolve issues of economic, geopolitical or environmental importance"
Profound social instability,Business,3.375375271,4.802395344,Societal,Profound social instability,"Major social movements or protests (e.g. street riots, social unrest, etc.) that disrupt political or social stability, negatively impacting populations and economic activity"
Profound social instability,Expert,3.618320704,5.167938709,Societal,Profound social instability,"Major social movements or protests (e.g. street riots, social unrest, etc.) that disrupt political or social stability, negatively impacting populations and economic activity"
Profound social instability,Female,3.55045867,5.073059559,Societal,Profound social instability,"Major social movements or protests (e.g. street riots, social unrest, etc.) that disrupt political or social stability, negatively impacting populations and economic activity"
Profound social instability,Male,3.409429312,4.831683159,Societal,Profound social instability,"Major social movements or protests (e.g. street riots, social unrest, etc.) that disrupt political or social stability, negatively impacting populations and economic activity"
Profound social instability,Non-Business,3.522727251,5.01886797,Societal,Profound social instability,"Major social movements or protests (e.g. street riots, social unrest, etc.) that disrupt political or social stability, negatively impacting populations and economic activity"
Profound social instability,Non-Expert,3.418699265,4.84817791,Societal,Profound social instability,"Major social movements or protests (e.g. street riots, social unrest, etc.) that disrupt political or social stability, negatively impacting populations and economic activity"
Profound social instability,Overall,3.428973198,4.848527431,Societal,Profound social instability,"Major social movements or protests (e.g. street riots, social unrest, etc.) that disrupt political or social stability, negatively impacting populations and economic activity"
Profound social instability,Senior,3.433467627,4.847389698,Societal,Profound social instability,"Major social movements or protests (e.g. street riots, social unrest, etc.) that disrupt political or social stability, negatively impacting populations and economic activity"
Profound social instability,Young,3.5599999430000002,5.191999912,Societal,Profound social instability,"Major social movements or protests (e.g. street riots, social unrest, etc.) that disrupt political or social stability, negatively impacting populations and economic activity"
State collapse or crisis,Business,3.329376936,5.041419983,Geopolitical,"State collapse or crisis (e.g. civil conflict, military coup, failed states, etc.)","State collapse of geopolitical importance due to internal violence, regional or global instability, military coup, civil conflict, failed states, etc."
State collapse or crisis,Expert,3.641791105,5.382352829,Geopolitical,"State collapse or crisis (e.g. civil conflict, military coup, failed states, etc.)","State collapse of geopolitical importance due to internal violence, regional or global instability, military coup, civil conflict, failed states, etc."
State collapse or crisis,Female,3.5599999430000002,5.140969276,Geopolitical,"State collapse or crisis (e.g. civil conflict, military coup, failed states, etc.)","State collapse of geopolitical importance due to internal violence, regional or global instability, military coup, civil conflict, failed states, etc."
State collapse or crisis,Male,3.353960514,4.967980385,Geopolitical,"State collapse or crisis (e.g. civil conflict, military coup, failed states, etc.)","State collapse of geopolitical importance due to internal violence, regional or global instability, military coup, civil conflict, failed states, etc."
State collapse or crisis,Non-Business,3.546816587,5.025926113,Geopolitical,"State collapse or crisis (e.g. civil conflict, military coup, failed states, etc.)","State collapse of geopolitical importance due to internal violence, regional or global instability, military coup, civil conflict, failed states, etc."
State collapse or crisis,Non-Expert,3.400709152,4.985890865,Geopolitical,"State collapse or crisis (e.g. civil conflict, military coup, failed states, etc.)","State collapse of geopolitical importance due to internal violence, regional or global instability, military coup, civil conflict, failed states, etc."
State collapse or crisis,Overall,3.408901215,5.012448311,Geopolitical,"State collapse or crisis (e.g. civil conflict, military coup, failed states, etc.)","State collapse of geopolitical importance due to internal violence, regional or global instability, military coup, civil conflict, failed states, etc."
State collapse or crisis,Senior,3.373757362,5.027722836,Geopolitical,"State collapse or crisis (e.g. civil conflict, military coup, failed states, etc.)","State collapse of geopolitical importance due to internal violence, regional or global instability, military coup, civil conflict, failed states, etc."
State collapse or crisis,Young,3.6428570750000002,5.0390625,Geopolitical,"State collapse or crisis (e.g. civil conflict, military coup, failed states, etc.)","State collapse of geopolitical importance due to internal violence, regional or global instability, military coup, civil conflict, failed states, etc."
Adverse consequences of technological advances,Business,2.922619104,4.2485380169999996,Technological,Adverse consequences of technological advances,"Intended or unintended adverse consequences of technological advances such as artificial intelligence, geo-engineering and synthetic biology causing human, environmental and economic damage"
Adverse consequences of technological advances,Expert,2.906779766,4.218487263,Technological,Adverse consequences of technological advances,"Intended or unintended adverse consequences of technological advances such as artificial intelligence, geo-engineering and synthetic biology causing human, environmental and economic damage"
Adverse consequences of technological advances,Female,3.02314806,4.572727203,Technological,Adverse consequences of technological advances,"Intended or unintended adverse consequences of technological advances such as artificial intelligence, geo-engineering and synthetic biology causing human, environmental and economic damage"
Adverse consequences of technological advances,Male,2.9472363,4.281481266,Technological,Adverse consequences of technological advances,"Intended or unintended adverse consequences of technological advances such as artificial intelligence, geo-engineering and synthetic biology causing human, environmental and economic damage"
Adverse consequences of technological advances,Non-Business,3.019762754,4.503875732,Technological,Adverse consequences of technological advances,"Intended or unintended adverse consequences of technological advances such as artificial intelligence, geo-engineering and synthetic biology causing human, environmental and economic damage"
Adverse consequences of technological advances,Non-Expert,2.989959955,4.425196648,Technological,Adverse consequences of technological advances,"Intended or unintended adverse consequences of technological advances such as artificial intelligence, geo-engineering and synthetic biology causing human, environmental and economic damage"
Adverse consequences of technological advances,Overall,2.958571434,4.350631237,Technological,Adverse consequences of technological advances,"Intended or unintended adverse consequences of technological advances such as artificial intelligence, geo-engineering and synthetic biology causing human, environmental and economic damage"
Adverse consequences of technological advances,Senior,2.955555439,4.298210621,Technological,Adverse consequences of technological advances,"Intended or unintended adverse consequences of technological advances such as artificial intelligence, geo-engineering and synthetic biology causing human, environmental and economic damage"
Adverse consequences of technological advances,Young,3.050420284,4.737704754,Technological,Adverse consequences of technological advances,"Intended or unintended adverse consequences of technological advances such as artificial intelligence, geo-engineering and synthetic biology causing human, environmental and economic damage"
Terrorist attacks,Business,3.502941132,5.599999905,Geopolitical,Large-scale terrorist attacks,Individuals or non-state groups with political or religious goals that successfully inflict large-scale human or material damage.
Terrorist attacks,Expert,3.676470518,5.955882549,Geopolitical,Large-scale terrorist attacks,Individuals or non-state groups with political or religious goals that successfully inflict large-scale human or material damage.
Terrorist attacks,Female,3.833333254,5.676856041,Geopolitical,Large-scale terrorist attacks,Individuals or non-state groups with political or religious goals that successfully inflict large-scale human or material damage.
Terrorist attacks,Male,3.457002401,5.535626411,Geopolitical,Large-scale terrorist attacks,Individuals or non-state groups with political or religious goals that successfully inflict large-scale human or material damage.
Terrorist attacks,Non-Business,3.694029808,5.565055847,Geopolitical,Large-scale terrorist attacks,Individuals or non-state groups with political or religious goals that successfully inflict large-scale human or material damage.
Terrorist attacks,Non-Expert,3.58172226,5.540350914,Geopolitical,Large-scale terrorist attacks,Individuals or non-state groups with political or religious goals that successfully inflict large-scale human or material damage.
Terrorist attacks,Overall,3.592541456,5.585399628,Geopolitical,Large-scale terrorist attacks,Individuals or non-state groups with political or religious goals that successfully inflict large-scale human or material damage.
Terrorist attacks,Senior,3.532673359,5.568047523,Geopolitical,Large-scale terrorist attacks,Individuals or non-state groups with political or religious goals that successfully inflict large-scale human or material damage.
Terrorist attacks,Young,3.823076963,5.658914566,Geopolitical,Large-scale terrorist attacks,Individuals or non-state groups with political or religious goals that successfully inflict large-scale human or material damage.
Unemployment or underemployment,Business,3.497058868,4.953352928,Economic,High structural unemployment or underemployment,A sustained high level of unemployment or underutilization of the productive capacity of the employed population
Unemployment or underemployment,Expert,3.516981125,5.030075073,Economic,High structural unemployment or underemployment,A sustained high level of unemployment or underutilization of the productive capacity of the employed population
Unemployment or underemployment,Female,3.621621609,5.097345352,Economic,High structural unemployment or underemployment,A sustained high level of unemployment or underutilization of the productive capacity of the employed population
Unemployment or underemployment,Male,3.559113264,5.073709965,Economic,High structural unemployment or underemployment,A sustained high level of unemployment or underutilization of the productive capacity of the employed population
Unemployment or underemployment,Non-Business,3.670498133,5.212927818,Economic,High structural unemployment or underemployment,A sustained high level of unemployment or underutilization of the productive capacity of the employed population
Unemployment or underemployment,Non-Expert,3.630136967,5.121951103,Economic,High structural unemployment or underemployment,A sustained high level of unemployment or underutilization of the productive capacity of the employed population
Unemployment or underemployment,Overall,3.576601744,5.058091164,Economic,High structural unemployment or underemployment,A sustained high level of unemployment or underutilization of the productive capacity of the employed population
Unemployment or underemployment,Senior,3.5059762,4.988118649,Economic,High structural unemployment or underemployment,A sustained high level of unemployment or underutilization of the productive capacity of the employed population
Unemployment or underemployment,Young,3.880952358,5.453125,Economic,High structural unemployment or underemployment,A sustained high level of unemployment or underutilization of the productive capacity of the employed population
Water crises,Business,3.73156333,4.844574928,Societal,Water crises,"A significant decline in the available quality and quantity of fresh water, resulting in harmful effects on human health and/or economic activity"
Water crises,Expert,4.04511261,5.29850769,Societal,Water crises,"A significant decline in the available quality and quantity of fresh water, resulting in harmful effects on human health and/or economic activity"
Water crises,Female,4.071111202,5.264317036,Societal,Water crises,"A significant decline in the available quality and quantity of fresh water, resulting in harmful effects on human health and/or economic activity"
Water crises,Male,3.665024519,4.825980186,Societal,Water crises,"A significant decline in the available quality and quantity of fresh water, resulting in harmful effects on human health and/or economic activity"
Water crises,Non-Business,3.891385794,5.100371838,Societal,Water crises,"A significant decline in the available quality and quantity of fresh water, resulting in harmful effects on human health and/or economic activity"
Water crises,Non-Expert,3.747999907,4.898608208,Societal,Water crises,"A significant decline in the available quality and quantity of fresh water, resulting in harmful effects on human health and/or economic activity"
Water crises,Overall,3.772222281,4.930939198,Societal,Water crises,"A significant decline in the available quality and quantity of fresh water, resulting in harmful effects on human health and/or economic activity"
Water crises,Senior,3.735059738,4.914851665,Societal,Water crises,"A significant decline in the available quality and quantity of fresh water, resulting in harmful effects on human health and/or economic activity"
Water crises,Young,4.100775242,5.246153831,Societal,Water crises,"A significant decline in the available quality and quantity of fresh water, resulting in harmful effects on human health and/or economic activity"
Extreme weather events,Business,3.730205297,5.923753738,Environmental,"Extreme weather events (e.g. floods, storms, etc.)","Major property, infrastructure and/or environmental damage as well as loss of human life caused by extreme weather events"
Extreme weather events,Expert,4.220338821,6.372881413,Environmental,"Extreme weather events (e.g. floods, storms, etc.)","Major property, infrastructure and/or environmental damage as well as loss of human life caused by extreme weather events"
Extreme weather events,Female,4.026906013,6.130044937,Environmental,"Extreme weather events (e.g. floods, storms, etc.)","Major property, infrastructure and/or environmental damage as well as loss of human life caused by extreme weather events"
Extreme weather events,Male,3.724815607,5.793612003,Environmental,"Extreme weather events (e.g. floods, storms, etc.)","Major property, infrastructure and/or environmental damage as well as loss of human life caused by extreme weather events"
Extreme weather events,Non-Business,3.939163446,5.908745289,Environmental,"Extreme weather events (e.g. floods, storms, etc.)","Major property, infrastructure and/or environmental damage as well as loss of human life caused by extreme weather events"
Extreme weather events,Non-Expert,3.792321205,5.867364883,Environmental,"Extreme weather events (e.g. floods, storms, etc.)","Major property, infrastructure and/or environmental damage as well as loss of human life caused by extreme weather events"
Extreme weather events,Overall,3.819694757,5.883495331,Environmental,"Extreme weather events (e.g. floods, storms, etc.)","Major property, infrastructure and/or environmental damage as well as loss of human life caused by extreme weather events"
Extreme weather events,Senior,3.757936478,5.863095284,Environmental,"Extreme weather events (e.g. floods, storms, etc.)","Major property, infrastructure and/or environmental damage as well as loss of human life caused by extreme weather events"
Extreme weather events,Young,4.126984119,6.111111164,Environmental,"Extreme weather events (e.g. floods, storms, etc.)","Major property, infrastructure and/or environmental damage as well as loss of human life caused by extreme weather events"
Weapons of mass destruction,Business,3.960725069,3.724035501,Geopolitical,Weapons of mass destruction,"The deployment of nuclear, chemical, biological and radiological technologies and materials, creating international crises and potential for significant destruction"
Weapons of mass destruction,Expert,4.0,4.109375,Geopolitical,Weapons of mass destruction,"The deployment of nuclear, chemical, biological and radiological technologies and materials, creating international crises and potential for significant destruction"
Weapons of mass destruction,Female,4.093896866,4.227907181,Geopolitical,Weapons of mass destruction,"The deployment of nuclear, chemical, biological and radiological technologies and materials, creating international crises and potential for significant destruction"
Weapons of mass destruction,Male,3.868354321,3.683291674,Geopolitical,Weapons of mass destruction,"The deployment of nuclear, chemical, biological and radiological technologies and materials, creating international crises and potential for significant destruction"
Weapons of mass destruction,Non-Business,3.928286791,4.039525509,Geopolitical,Weapons of mass destruction,"The deployment of nuclear, chemical, biological and radiological technologies and materials, creating international crises and potential for significant destruction"
Weapons of mass destruction,Non-Expert,3.943119287,3.844484568,Geopolitical,Weapons of mass destruction,"The deployment of nuclear, chemical, biological and radiological technologies and materials, creating international crises and potential for significant destruction"
Weapons of mass destruction,Overall,3.927745581,3.859375,Geopolitical,Weapons of mass destruction,"The deployment of nuclear, chemical, biological and radiological technologies and materials, creating international crises and potential for significant destruction"
Weapons of mass destruction,Senior,3.92592597,3.829959631,Geopolitical,Weapons of mass destruction,"The deployment of nuclear, chemical, biological and radiological technologies and materials, creating international crises and potential for significant destruction"
Weapons of mass destruction,Young,4.032786846,4.049180508,Geopolitical,Weapons of mass destruction,"The deployment of nuclear, chemical, biological and radiological technologies and materials, creating international crises and potential for significant destruction"
